EventID,StartDate,EndDate,SvcDept,RoadName,Other
RMINRM-202311-1078,2023-11-23,2024-11-20,SINGTEL - ACCESS NETWORK ENGINEERING DIVISION,ADAM DRIVE,For details
RMINRM-202311-1020,2023-11-21,2024-11-19,SINGTEL-MANAGED SERVICES MGT and CABLE OPERATIONS,ADAM DRIVE,For details
RMINRM-202402-0105,2024-02-01,2024-12-31,SINGTEL-MANAGED SERVICES MGT and CABLE OPERATIONS,ADAM ROAD,For details
RMINRM-202401-1669,2024-01-26,2024-12-31,SINGTEL-MANAGED SERVICES MGT and CABLE OPERATIONS,ADAM ROAD,For details
RMINRM-202311-1241,2024-01-01,2024-12-31,SINGTEL-MANAGED SERVICES MGT and CABLE OPERATIONS,ADAM ROAD,For details
RMINRM-202401-0084,2024-01-03,2024-12-31,SINGTEL-MANAGED SERVICES MGT  and  CABLE OPERATIONS,ADIS ROAD,For details
RMINRM-202402-0536,2024-02-13,2024-12-31,SINGTEL-MANAGED SERVICES MGT and CABLE OPERATIONS,ADMIRALTY ROAD WEST,For details
RMINRM-202402-0041,2024-02-01,2024-12-31,SINGTEL-MANAGED SERVICES MGT and CABLE OPERATIONS,ADMIRALTY ROAD WEST,For details
RMINRM-202402-0039,2024-02-01,2025-01-30,SINGTEL-MANAGED SERVICES MGT and CABLE OPERATIONS,ADMIRALTY ROAD WEST,For details
RMINRM-202312-1385,2024-01-01,2024-06-30,NETLINK TRUST,ADMIRALTY ROAD WEST,For details
RMINRM-202311-0912,2024-01-01,2024-12-31,SINGTEL-MANAGED SERVICES MGT and CABLE OPERATIONS,ADMIRALTY ROAD WEST,For details
RMINRM-202312-0372,2024-01-01,2024-12-31,SINGAPORE TELECOM MOBILE PTE LTD,ADMIRALTY ROAD WEST,For details
RMINRM-202312-1142,2024-01-01,2024-12-31,SINGTEL-MANAGED SERVICES MGT and CABLE OPERATIONS,ADMIRALTY ROAD WEST,For details
RMINRM-202312-0744,2023-12-18,2024-06-16,LAND TRANSPORT AUTHORITY,ADMIRALTY ROAD WEST,For details
RMINRM-202310-1760,2023-12-01,2024-04-30,LAND TRANSPORT AUTHORITY,ADMIRALTY ROAD WEST,For details
RMINRM-202310-1631,2023-12-01,2024-03-31,LAND TRANSPORT AUTHORITY,ADMIRALTY ROAD WEST,For details
RMINRM-202111-1024,2021-12-20,2024-09-30,LAND TRANSPORT AUTHORITY,ADMIRALTY ROAD WEST,For details
RMINRM-202311-1079,2023-11-23,2024-11-20,SINGTEL - ACCESS NETWORK ENGINEERING DIVISION,ADMIRALTY STREET,For details
RMINRM-202312-1387,2023-12-28,2024-03-30,SINGTEL-MANAGED SERVICES MGT and CABLE OPERATIONS,AH SOO WALK,For details
RMINRM-202401-1434,2024-02-24,2025-02-22,SINGTEL-MANAGED SERVICES MGT and CABLE OPERATIONS,AIRPORT ROAD,For details
RMINRM-202402-0332,2024-02-06,2024-12-31,SINGTEL-MANAGED SERVICES MGT and CABLE OPERATIONS,AIRPORT ROAD,For details
RMINRM-202401-1659,2024-01-26,2024-12-31,SINGTEL-MANAGED SERVICES MGT and CABLE OPERATIONS,AIRPORT ROAD,For details
RMINRM-202401-0179,2024-01-04,2024-07-31,STARHUB LTD - MNI,AIRPORT ROAD,For details
RMINRM-202312-1670,2024-01-01,2024-06-30,NETLINK TRUST,AIRPORT ROAD,For details
RMINRM-202311-1089,2024-01-01,2024-12-31,SINGTEL-MANAGED SERVICES MGT and CABLE OPERATIONS,AIRPORT ROAD,For details
RMINRM-202312-0446,2024-01-01,2024-12-31,SINGAPORE TELECOM MOBILE PTE LTD,AIRPORT ROAD,For details
RMINRM-202309-1509,2023-09-29,2024-09-27,SINGTEL-MANAGED SERVICES MGT and CABLE OPERATIONS,AIRPORT ROAD,For details
RMINRM-202309-0758,2023-09-22,2024-09-20,SINGTEL-MANAGED SERVICES MGT and CABLE OPERATIONS,AIRPORT ROAD,For details
RMINRM-202304-0952,2023-05-10,2024-05-08,SINGTEL-MANAGED SERVICES MGT and CABLE OPERATIONS,AIRPORT ROAD,For details
RMINRM-202311-0824,2024-01-01,2024-07-31,PUB - WATER RECLAMATION (NETWORK) DEPT,ALBERT STREET,For details
RMINRM-202304-1558,2023-04-27,2024-04-25,SINGTEL-MANAGED SERVICES MGT and CABLE OPERATIONS,ALBERT STREET,For details
RMINRM-202402-0341,2024-02-20,2024-12-31,NETLINK TRUST,ALEXANDRA ROAD,For details
RMINRM-202402-0035,2024-02-01,2025-01-30,SINGTEL-MANAGED SERVICES MGT and CABLE OPERATIONS,ALEXANDRA ROAD,For details
RMINRM-202401-1119,2024-01-22,2024-07-17,LAND TRANSPORT AUTHORITY,ALEXANDRA ROAD,For details
RMINRM-202401-0630,2024-01-13,2024-12-31,NETLINK TRUST,ALEXANDRA ROAD,For details
RMINRM-202312-0918,2023-12-20,2024-12-19,LAND TRANSPORT AUTHORITY,ALEXANDRA ROAD,For details
RMINRM-202312-0650,2023-12-16,2024-12-15,NETLINK TRUST,ALEXANDRA ROAD,For details
RMINRM-202304-1573,2023-04-28,2024-04-26,SINGTEL-MANAGED SERVICES MGT and CABLE OPERATIONS,ALEXANDRA ROAD,For details
RMINRM-202310-1121,2023-10-25,2024-10-20,NETLINK TRUST,ALEXANDRA TERRACE,For details
RMINRM-202304-1568,2023-04-28,2024-04-26,SINGTEL-MANAGED SERVICES MGT and CABLE OPERATIONS,ALIWAL STREET,For details
RMINRM-202402-0335,2024-02-06,2024-12-31,SINGTEL-MANAGED SERVICES MGT and CABLE OPERATIONS,ALJUNIED ROAD,For details
RMINRM-202401-1424,2024-02-01,2025-01-30,SINGTEL - ACCESS NETWORK ENGINEERING DIVISION,ALJUNIED ROAD,For details
RMINRM-202401-0948,2024-01-17,2024-08-31,LAND TRANSPORT AUTHORITY,ALJUNIED ROAD,For details
RMINRM-202312-1554,2024-01-01,2024-12-31,SINGTEL-MANAGED SERVICES MGT and CABLE OPERATIONS,ALJUNIED ROAD,For details
RMINRM-202312-0444,2024-01-01,2024-12-31,SINGAPORE TELECOM MOBILE PTE LTD,ALJUNIED ROAD,For details
RMINRM-202311-1084,2024-01-01,2024-12-31,SINGTEL-MANAGED SERVICES MGT and CABLE OPERATIONS,ALJUNIED ROAD,For details
RMINRM-202304-0980,2023-05-10,2024-05-08,SINGTEL-MANAGED SERVICES MGT and CABLE OPERATIONS,ALJUNIED ROAD,For details
RMINRM-202401-1425,2024-02-24,2025-02-22,SINGTEL-MANAGED SERVICES MGT and CABLE OPERATIONS,AMBER GARDENS,For details
RMINRM-202309-0671,2023-09-22,2024-09-20,SINGTEL-MANAGED SERVICES MGT and CABLE OPERATIONS,AMBER GARDENS,For details
RMINRM-202304-0973,2023-05-10,2024-05-08,SINGTEL-MANAGED SERVICES MGT and CABLE OPERATIONS,AMBER ROAD,For details
RMINRM-202401-1219,2024-01-25,2025-01-24,SINGTEL-MANAGED SERVICES MGT and CABLE OPERATIONS,AMOY STREET,For details
RMINRM-202307-0705,2023-07-13,2024-07-11,SINGTEL-MANAGED SERVICES MGT and CABLE OPERATIONS,AMOY STREET,For details
RMINRM-202311-1243,2023-11-25,2024-11-23,SINGTEL - ACCESS NETWORK ENGINEERING DIVISION,ANAMALAI AVENUE,For details
RMINRM-202309-1019,2023-09-23,2024-09-21,SINGTEL-MANAGED SERVICES MGT and CABLE OPERATIONS,ANCHORVALE CRESCENT,For details
RMINRM-202309-1511,2023-09-28,2024-09-26,SINGTEL-MANAGED SERVICES MGT and CABLE OPERATIONS,ANCHORVALE DRIVE,For details
RMINRM-202307-0555,2023-07-14,2024-07-13,LAND TRANSPORT AUTHORITY,ANCHORVALE DRIVE (Bus Lane Affected),For details
RMINRM-202312-1386,2024-01-01,2024-06-30,NETLINK TRUST,ANCHORVALE LANE,For details
RMINRM-202312-1388,2024-01-01,2024-06-30,NETLINK TRUST,ANCHORVALE LANE,For details
RMINRM-202402-0337,2024-02-06,2024-12-31,SINGTEL-MANAGED SERVICES MGT and CABLE OPERATIONS,ANCHORVALE ROAD,For details
RMINRM-202401-1667,2024-01-26,2024-12-31,SINGTEL-MANAGED SERVICES MGT and CABLE OPERATIONS,ANCHORVALE ROAD,For details
RMINRM-202312-0445,2024-01-01,2024-12-31,SINGAPORE TELECOM MOBILE PTE LTD,ANCHORVALE ROAD,For details
RMINRM-202311-1092,2024-01-01,2024-12-31,SINGTEL-MANAGED SERVICES MGT and CABLE OPERATIONS,ANCHORVALE ROAD,For details
RMINRM-202307-0553,2023-07-14,2024-07-13,LAND TRANSPORT AUTHORITY,ANCHORVALE ROAD (Bus Lane Affected),For details
RMINRM-202402-0544,2024-02-13,2024-03-31,LAND TRANSPORT AUTHORITY,ANCHORVALE STREET,For details
RMINRM-202312-1679,2024-01-01,2024-06-30,NETLINK TRUST,ANDERSON ROAD,For details
RMINRM-202309-1351,2023-09-28,2024-09-26,SINGTEL-MANAGED SERVICES MGT and CABLE OPERATIONS,ANDREW ROAD,For details
RMINRM-202312-1668,2024-01-01,2024-06-30,NETLINK TRUST,ANG MO KIO AVENUE 1,For details
RMINRM-202309-1505,2023-09-29,2024-09-27,SINGTEL-MANAGED SERVICES MGT and CABLE OPERATIONS,ANG MO KIO AVENUE 1,For details
RMINRM-202309-1026,2023-09-23,2024-09-21,SINGTEL-MANAGED SERVICES MGT and CABLE OPERATIONS,ANG MO KIO AVENUE 1,For details
RMINRM-202401-1806,2024-01-30,2024-06-30,LAND TRANSPORT AUTHORITY,ANG MO KIO AVENUE 1 (Bus Lane Affected),For details
RMINRM-202401-1803,2024-01-30,2024-06-30,LAND TRANSPORT AUTHORITY,ANG MO KIO AVENUE 1 (Bus Lane Affected),For details
RMINRM-202401-1207,2024-01-29,2024-07-29,LAND TRANSPORT AUTHORITY,ANG MO KIO AVENUE 1 (Bus Lane Affected),For details
RMINRM-202401-0367,2024-01-08,2024-12-31,LAND TRANSPORT AUTHORITY,ANG MO KIO AVENUE 1 (Bus Lane Affected),For details
RMINRM-202402-0375,2024-03-01,2024-03-30,LAND TRANSPORT AUTHORITY,ANG MO KIO AVENUE 10,For details
RMINRM-202401-1177,2024-01-23,2024-04-30,LAND TRANSPORT AUTHORITY,ANG MO KIO AVENUE 10,For details
RMINRM-202312-1380,2024-01-01,2024-06-30,NETLINK TRUST,ANG MO KIO AVENUE 10,For details
RMINRM-202310-1030,2023-10-20,2024-03-31,LAND TRANSPORT AUTHORITY,ANG MO KIO AVENUE 10,For details
RMINRM-202309-1362,2023-09-28,2024-09-26,SINGTEL-MANAGED SERVICES MGT and CABLE OPERATIONS,ANG MO KIO AVENUE 10,For details
RMINRM-202309-1035,2023-09-23,2024-09-21,SINGTEL-MANAGED SERVICES MGT and CABLE OPERATIONS,ANG MO KIO AVENUE 12,For details
RMINRM-202309-1506,2023-09-29,2024-09-27,SINGTEL-MANAGED SERVICES MGT and CABLE OPERATIONS,ANG MO KIO AVENUE 3,For details
RMINRM-202312-1619,2024-01-01,2024-12-31,LAND TRANSPORT AUTHORITY,ANG MO KIO AVENUE 3 (Bus Lane Affected),For details
RMINRM-202312-1617,2024-01-01,2024-12-31,LAND TRANSPORT AUTHORITY,ANG MO KIO AVENUE 3 (Bus Lane Affected),For details
RMINRM-202311-0982,2023-11-20,2024-11-20,LAND TRANSPORT AUTHORITY,ANG MO KIO AVENUE 5,For details
RMINRM-202401-0370,2024-01-08,2024-12-31,LAND TRANSPORT AUTHORITY,ANG MO KIO AVENUE 6 (Bus Lane Affected),For details
RMINRM-202312-1620,2024-01-01,2024-12-31,LAND TRANSPORT AUTHORITY,ANG MO KIO AVENUE 8,For details
RMINRM-202312-1621,2024-01-01,2024-12-31,LAND TRANSPORT AUTHORITY,ANG MO KIO AVENUE 8,For details
RMINRM-202309-1364,2023-09-28,2024-09-26,SINGTEL-MANAGED SERVICES MGT and CABLE OPERATIONS,ANG MO KIO AVENUE 8,For details
RMINRM-202309-1028,2023-09-23,2024-09-21,SINGTEL-MANAGED SERVICES MGT and CABLE OPERATIONS,ANG MO KIO CENTRAL 1,For details
RMINRM-202309-1034,2023-09-23,2024-09-21,SINGTEL-MANAGED SERVICES MGT and CABLE OPERATIONS,ANG MO KIO STREET 23,For details
RMINRM-202401-0151,2024-01-04,2024-04-30,LAND TRANSPORT AUTHORITY,ANG MO KIO STREET 31,For details
RMINRM-202310-0276,2023-10-06,2024-12-31,LAND TRANSPORT AUTHORITY,ANG MO KIO STREET 32,For details
RMINRM-202312-1669,2024-01-01,2024-06-30,NETLINK TRUST,ANG MO KIO STREET 41,For details
RMINRM-202312-1622,2024-01-01,2024-12-31,LAND TRANSPORT AUTHORITY,ANG MO KIO STREET 42,For details
RMINRM-202312-1623,2024-01-01,2024-12-31,LAND TRANSPORT AUTHORITY,ANG MO KIO STREET 42,For details
RMINRM-202304-1277,2023-05-02,2024-03-31,LAND TRANSPORT AUTHORITY,ANG MO KIO STREET 61,For details
RMINRM-202311-0834,2024-01-01,2024-07-31,PUB - WATER RECLAMATION (NETWORK) DEPT,ANG MO KIO STREET 66,For details
RMINRM-202401-0911,2024-01-17,2024-03-30,SINGTEL-MANAGED SERVICES MGT and CABLE OPERATIONS,ANGSANA AVENUE,For details
RMINRM-202304-1561,2023-04-28,2024-04-26,SINGTEL-MANAGED SERVICES MGT and CABLE OPERATIONS,ANGULLIA PARK,For details
RMINRM-202401-0085,2024-01-03,2024-12-31,SINGTEL-MANAGED SERVICES MGT  and  CABLE OPERATIONS,ANN SIANG HILL,For details
RMINRM-202307-1688,2023-07-28,2024-07-27,SINGTEL-MANAGED SERVICES MGT and CABLE OPERATIONS,ANN SIANG ROAD,For details
RMINRM-202304-1548,2023-04-28,2024-04-26,SINGTEL-MANAGED SERVICES MGT and CABLE OPERATIONS,ANSON ROAD,For details
RMINRM-202305-1017,2023-05-22,2024-05-21,SINGTEL-MANAGED SERVICES MGT and CABLE OPERATIONS,ANTHONY ROAD,For details
RMINRM-202402-0338,2024-02-20,2024-12-31,NETLINK TRUST,ARAB STREET,For details
RMINRM-202306-1548,2023-07-01,2024-06-30,SINGTEL-MANAGED SERVICES MGT  and  CABLE OPERATIONS,ARMENIAN STREET,For details
RMINRM-202401-0344,2024-01-10,2024-06-30,LAND TRANSPORT AUTHORITY,AUCKLAND ROAD EAST,For details
RMINRM-202401-0345,2024-01-10,2024-06-30,LAND TRANSPORT AUTHORITY,AUCKLAND ROAD WEST,For details
RMINRM-202401-1413,2024-02-24,2025-02-22,SINGTEL-MANAGED SERVICES MGT and CABLE OPERATIONS,AVIATION PARK ROAD,For details
RMINRM-202304-0979,2023-05-10,2024-05-08,SINGTEL-MANAGED SERVICES MGT and CABLE OPERATIONS,AVIATION PARK ROAD,For details
RMINRM-202402-0038,2024-02-01,2025-01-30,SINGTEL-MANAGED SERVICES MGT and CABLE OPERATIONS,AYER RAJAH AVENUE,For details
RMINRM-202401-0918,2024-01-22,2024-12-31,NETLINK TRUST,AYER RAJAH AVENUE,For details
RMINRM-202402-0459,2024-03-07,2024-04-06,LAND TRANSPORT AUTHORITY,AYER RAJAH EXPRESSWAY,For details
RMINRM-202402-0609,2024-03-01,2024-03-31,LAND TRANSPORT AUTHORITY,AYER RAJAH EXPRESSWAY,For details
RMINRM-202402-0607,2024-03-01,2024-03-31,LAND TRANSPORT AUTHORITY,AYER RAJAH EXPRESSWAY,For details
RMINRM-202402-0608,2024-03-01,2024-03-31,LAND TRANSPORT AUTHORITY,AYER RAJAH EXPRESSWAY,For details
RMINRM-202312-1042,2023-12-20,2024-03-31,TELEKOMUNIKASI INDONESIA INTERNATIONAL PTE LTD,AYER RAJAH EXPRESSWAY,For details
RMINRM-202312-1037,2023-12-20,2024-03-31,TELEKOMUNIKASI INDONESIA INTERNATIONAL PTE LTD,AYER RAJAH EXPRESSWAY,For details
RMINRM-202310-0597,2023-10-17,2024-04-16,LAND TRANSPORT AUTHORITY,AYER RAJAH EXPRESSWAY,For details
RMINRM-202306-0881,2023-06-22,2024-06-21,LAND TRANSPORT AUTHORITY,AYER RAJAH EXPRESSWAY,For details
RMINRM-202402-0541,2024-02-12,2024-03-23,PUB - WATER RECLAMATION (NETWORK) DEPT,BALESTIER ROAD,For details
RMINRM-202402-0090,2024-02-01,2024-12-31,SINGTEL-MANAGED SERVICES MGT and CABLE OPERATIONS,BALESTIER ROAD,For details
RMINRM-202402-0005,2024-01-31,2024-03-30,NETLINK TRUST,BALESTIER ROAD,For details
RMINRM-202311-1028,2024-01-01,2024-12-31,SINGTEL-MANAGED SERVICES MGT and CABLE OPERATIONS,BALESTIER ROAD,For details
RMINRM-202311-0826,2024-01-01,2024-07-31,PUB - WATER RECLAMATION (NETWORK) DEPT,BALESTIER ROAD,For details
RMINRM-202312-1557,2024-01-01,2024-12-31,SINGTEL-MANAGED SERVICES MGT and CABLE OPERATIONS,BALESTIER ROAD,For details
RMINRM-202312-0440,2024-01-01,2024-12-31,SINGAPORE TELECOM MOBILE PTE LTD,BALESTIER ROAD,For details
RMINRM-202304-1543,2023-04-27,2024-04-25,SINGTEL-MANAGED SERVICES MGT and CABLE OPERATIONS,BALESTIER ROAD,For details
RMINRM-202402-0538,2024-02-13,2024-05-31,SINGTEL-MANAGED SERVICES MGT and CABLE OPERATIONS,BALMORAL CRESCENT,For details
RMINRM-202401-0389,2024-01-08,2024-07-07,LAND TRANSPORT AUTHORITY,BALMORAL ROAD,For details
RMINRM-202304-1575,2023-04-28,2024-04-26,SINGTEL-MANAGED SERVICES MGT and CABLE OPERATIONS,BALMORAL ROAD,For details
RMINRM-202312-0141,2023-12-04,2024-03-31,NETLINK TRUST,BANDA STREET,For details
RMINRM-202311-1080,2023-11-23,2024-11-20,SINGTEL - ACCESS NETWORK ENGINEERING DIVISION,BANYAN PLACE,For details
RMINRM-202401-1414,2024-02-24,2025-02-22,SINGTEL-MANAGED SERVICES MGT and CABLE OPERATIONS,BARTLEY ROAD,For details
RMINRM-202401-1429,2024-02-24,2025-02-22,SINGTEL-MANAGED SERVICES MGT and CABLE OPERATIONS,BARTLEY ROAD,For details
RMINRM-202402-0561,2024-02-14,2024-05-31,LAND TRANSPORT AUTHORITY,BARTLEY ROAD,For details
RMINRM-202401-1246,2024-01-24,2024-03-31,LAND TRANSPORT AUTHORITY,BARTLEY ROAD,For details
RMINRM-202312-1689,2024-01-01,2024-06-30,NETLINK TRUST,BARTLEY ROAD,For details
RMINRM-202311-0712,2023-11-20,2024-05-31,LAND TRANSPORT AUTHORITY,BARTLEY ROAD,For details
RMINRM-202309-1515,2023-09-29,2024-09-27,SINGTEL-MANAGED SERVICES MGT and CABLE OPERATIONS,BARTLEY ROAD,For details
RMINRM-202402-0089,2024-02-01,2024-12-31,SINGTEL-MANAGED SERVICES MGT and CABLE OPERATIONS,BARTLEY ROAD EAST,For details
RMINRM-202401-1670,2024-01-26,2024-12-31,SINGTEL-MANAGED SERVICES MGT and CABLE OPERATIONS,BARTLEY ROAD EAST,For details
RMINRM-202309-0675,2023-09-22,2024-09-20,SINGTEL-MANAGED SERVICES MGT and CABLE OPERATIONS,BARTLEY ROAD EAST,For details
RMINRM-202402-0534,2024-02-13,2024-05-31,SINGTEL-MANAGED SERVICES MGT and CABLE OPERATIONS,BASSEIN ROAD,For details
RMINRM-202309-1512,2023-09-28,2024-09-26,SINGTEL-MANAGED SERVICES MGT and CABLE OPERATIONS,BASSEIN ROAD,For details
RMINRM-202311-0019,2023-11-08,2024-11-07,LAND TRANSPORT AUTHORITY,BAYFRONT AVENUE,For details
RMINRM-202304-1571,2023-04-28,2024-04-26,SINGTEL-MANAGED SERVICES MGT and CABLE OPERATIONS,BAYFRONT AVENUE,For details
RMINRM-202310-1689,2023-11-01,2024-03-30,LAND TRANSPORT AUTHORITY,BAYSHORE ROAD,For details
RMINRM-202402-0318,2024-02-18,2024-05-17,LAND TRANSPORT AUTHORITY,BEACH ROAD,For details
RMINRM-202401-0400,2024-01-08,2024-07-07,LAND TRANSPORT AUTHORITY,BEACH ROAD,For details
RMINRM-202312-1602,2024-01-04,2025-01-03,LAND TRANSPORT AUTHORITY,BEACH ROAD,For details
RMINRM-202306-1546,2023-07-01,2024-06-30,SINGTEL-MANAGED SERVICES MGT  and  CABLE OPERATIONS,BEACH ROAD,For details
RMINRM-202304-1538,2023-04-27,2024-04-25,SINGTEL-MANAGED SERVICES MGT and CABLE OPERATIONS,BEACH ROAD,For details
RMINRM-202312-1016,2024-01-01,2024-03-31,LAND TRANSPORT AUTHORITY,BEACH ROAD (Bus Lane Affected),For details
RMINRM-202312-1017,2024-01-01,2024-03-31,LAND TRANSPORT AUTHORITY,BEACH ROAD (Bus Lane Affected),For details
RMINRM-202309-0750,2023-09-22,2024-09-20,SINGTEL-MANAGED SERVICES MGT and CABLE OPERATIONS,BEDOK AVENUE,For details
RMINRM-202304-0957,2023-05-10,2024-05-08,SINGTEL-MANAGED SERVICES MGT and CABLE OPERATIONS,BEDOK CENTRAL,For details
RMINRM-202311-0823,2023-11-17,2024-07-30,PUB - WATER RECLAMATION (NETWORK) DEPT,BEDOK GARDEN,For details
RMINRM-202311-0018,2023-11-10,2024-05-09,LAND TRANSPORT AUTHORITY,BEDOK NORTH AVENUE 1,For details
RMINRM-202311-0021,2023-11-10,2024-05-09,LAND TRANSPORT AUTHORITY,BEDOK NORTH AVENUE 1,For details
RMINRM-202311-0029,2023-11-10,2024-05-09,LAND TRANSPORT AUTHORITY,BEDOK NORTH AVENUE 1,For details
RMINRM-202311-0032,2023-11-10,2024-05-10,LAND TRANSPORT AUTHORITY,BEDOK NORTH AVENUE 1,For details
RMINRM-202311-0024,2023-11-10,2024-05-09,LAND TRANSPORT AUTHORITY,BEDOK NORTH AVENUE 1,For details
RMINRM-202311-0027,2023-11-10,2024-05-09,LAND TRANSPORT AUTHORITY,BEDOK NORTH AVENUE 1,For details
RMINRM-202311-0033,2023-11-09,2024-05-10,LAND TRANSPORT AUTHORITY,BEDOK NORTH AVENUE 1,For details
RMINRM-202401-1423,2024-02-24,2025-02-22,SINGTEL-MANAGED SERVICES MGT and CABLE OPERATIONS,BEDOK NORTH ROAD,For details
RMINRM-202401-1019,2024-01-18,2024-12-31,LAND TRANSPORT AUTHORITY,BEDOK NORTH ROAD,For details
RMINRM-202310-1053,2023-10-26,2024-03-30,LAND TRANSPORT AUTHORITY,BEDOK NORTH ROAD,For details
RMINRM-202310-1054,2023-10-26,2024-03-30,LAND TRANSPORT AUTHORITY,BEDOK NORTH ROAD,For details
RMINRM-202311-0498,2023-11-21,2024-05-20,LAND TRANSPORT AUTHORITY,BEDOK NORTH STREET 1,For details
RMINRM-202311-0495,2023-11-21,2024-05-20,LAND TRANSPORT AUTHORITY,BEDOK NORTH STREET 1,For details
RMINRM-202311-0497,2023-11-21,2024-05-20,LAND TRANSPORT AUTHORITY,BEDOK NORTH STREET 1,For details
RMINRM-202311-0496,2023-11-21,2024-05-20,LAND TRANSPORT AUTHORITY,BEDOK NORTH STREET 1,For details
RMINRM-202309-0672,2023-09-22,2024-09-20,SINGTEL-MANAGED SERVICES MGT and CABLE OPERATIONS,BEDOK NORTH STREET 1,For details
RMINRM-202312-0274,2023-12-06,2024-12-31,LAND TRANSPORT AUTHORITY,BEDOK NORTH STREET 3,For details
RMINRM-202310-1751,2023-11-01,2024-03-31,LAND TRANSPORT AUTHORITY,BEDOK NORTH STREET 3,For details
RMINRM-202401-1420,2024-02-24,2025-02-22,SINGTEL-MANAGED SERVICES MGT and CABLE OPERATIONS,BEDOK RIA WALK,For details
RMINRM-202309-0670,2023-09-22,2024-09-20,SINGTEL-MANAGED SERVICES MGT and CABLE OPERATIONS,BEDOK RISE,For details
RMINRM-202402-0336,2024-02-06,2024-12-31,SINGTEL-MANAGED SERVICES MGT and CABLE OPERATIONS,BEDOK ROAD,For details
RMINRM-202311-1099,2024-01-01,2024-12-31,SINGTEL-MANAGED SERVICES MGT and CABLE OPERATIONS,BEDOK ROAD,For details
RMINRM-202312-1556,2024-01-01,2024-12-31,SINGTEL-MANAGED SERVICES MGT and CABLE OPERATIONS,BEDOK ROAD,For details
RMINRM-202312-0441,2024-01-01,2024-12-31,SINGAPORE TELECOM MOBILE PTE LTD,BEDOK ROAD,For details
RMINRM-202304-0947,2023-05-10,2024-05-08,SINGTEL-MANAGED SERVICES MGT and CABLE OPERATIONS,BEDOK ROAD,For details
RMINRM-202310-0797,2023-10-16,2024-04-30,LAND TRANSPORT AUTHORITY,BEDOK SOUTH AVENUE 3,For details
RMINRM-202304-0977,2023-05-10,2024-05-08,SINGTEL-MANAGED SERVICES MGT and CABLE OPERATIONS,BEDOK SOUTH AVENUE 3,For details
RMINRM-202401-1032,2024-01-18,2024-12-31,LAND TRANSPORT AUTHORITY,BEDOK SOUTH ROAD,For details
RMINRM-202312-1639,2024-01-02,2024-05-31,LAND TRANSPORT AUTHORITY,BEDOK SOUTH ROAD,For details
RMINRM-202312-0643,2023-12-14,2024-06-29,LAND TRANSPORT AUTHORITY,BEDOK SOUTH ROAD,For details
RMINRM-202311-0393,2023-11-21,2024-05-20,LAND TRANSPORT AUTHORITY,BEDOK SOUTH ROAD,For details
RMINRM-202311-0391,2023-11-21,2024-05-20,LAND TRANSPORT AUTHORITY,BEDOK SOUTH ROAD,For details
RMINRM-202311-0394,2023-11-21,2024-05-20,LAND TRANSPORT AUTHORITY,BEDOK SOUTH ROAD,For details
RMINRM-202311-0392,2023-11-21,2024-05-20,LAND TRANSPORT AUTHORITY,BEDOK SOUTH ROAD,For details
RMINRM-202309-1453,2023-09-29,2024-09-30,LAND TRANSPORT AUTHORITY,BEDOK SOUTH ROAD,For details
RMINRM-202309-1023,2023-09-23,2024-09-21,SINGTEL-MANAGED SERVICES MGT and CABLE OPERATIONS,BEGONIA CRESCENT,For details
RMINRM-202309-1365,2023-09-28,2024-09-26,SINGTEL-MANAGED SERVICES MGT and CABLE OPERATIONS,BEGONIA ROAD,For details
RMINRM-202401-0923,2024-01-17,2024-03-30,SINGTEL-MANAGED SERVICES MGT and CABLE OPERATIONS,BELIMBING AVENUE,For details
RMINRM-202402-0673,2024-02-15,2024-04-15,NETLINK TRUST,BENCOOLEN STREET,For details
RMINRM-202401-0083,2024-01-03,2024-12-31,SINGTEL-MANAGED SERVICES MGT  and  CABLE OPERATIONS,BENCOOLEN STREET,For details
RMINRM-202310-1126,2023-10-25,2024-10-20,NETLINK TRUST,BENCOOLEN STREET,For details
RMINRM-202304-1570,2023-04-28,2024-04-26,SINGTEL-MANAGED SERVICES MGT and CABLE OPERATIONS,BENCOOLEN STREET,For details
RMINRM-202401-1680,2024-01-27,2024-03-27,NETLINK TRUST,BENDEMEER ROAD,For details
RMINRM-202304-0966,2023-05-10,2024-05-08,SINGTEL-MANAGED SERVICES MGT and CABLE OPERATIONS,BENDEMEER ROAD,For details
RMINRM-202304-1560,2023-04-28,2024-04-26,SINGTEL-MANAGED SERVICES MGT and CABLE OPERATIONS,BENDEMEER ROAD,For details
RMINRM-202309-0907,2023-09-20,2024-08-31,SINGTEL-MANAGED SERVICES MGT and CABLE OPERATIONS,BENOI CRESCENT,For details
RMINRM-202401-0547,2024-01-17,2024-07-16,LAND TRANSPORT AUTHORITY,BENOI LANE,For details
RMINRM-202401-0693,2024-01-15,2024-07-11,LAND TRANSPORT AUTHORITY,BENOI PLACE,For details
RMINRM-202401-0546,2024-01-17,2024-07-16,LAND TRANSPORT AUTHORITY,BENOI ROAD,For details
RMINRM-202401-1496,2024-01-29,2024-06-30,LAND TRANSPORT AUTHORITY,BERMUDA ROAD,For details
RMINRM-202310-1046,2023-10-25,2024-10-20,NETLINK TRUST,BIDEFORD ROAD,For details
RMINRM-202309-1355,2023-09-28,2024-09-26,SINGTEL-MANAGED SERVICES MGT and CABLE OPERATIONS,BISHAN ROAD,For details
RMINRM-202309-1037,2023-09-23,2024-09-21,SINGTEL-MANAGED SERVICES MGT and CABLE OPERATIONS,BISHAN ROAD,For details
RMINRM-202309-1020,2023-09-23,2024-09-21,SINGTEL-MANAGED SERVICES MGT and CABLE OPERATIONS,BISHAN STREET 11,For details
RMINRM-202401-0826,2024-01-16,2024-12-31,LAND TRANSPORT AUTHORITY,BISHAN STREET 22,For details
RMINRM-202402-0527,2024-02-13,2024-05-31,SINGTEL-MANAGED SERVICES MGT and CABLE OPERATIONS,BISHOPSGATE,For details
RMINRM-202311-0568,2023-11-15,2024-11-14,LAND TRANSPORT AUTHORITY,BISHOPSGATE,For details
RMINRM-202401-1012,2024-01-18,2024-07-17,LAND TRANSPORT AUTHORITY,BLACKMORE DRIVE,For details
RMINRM-202310-0612,2023-10-12,2024-09-25,LAND TRANSPORT AUTHORITY,BLACKMORE DRIVE,For details
RMINRM-202312-1694,2023-12-29,2024-12-30,SINGTEL-MANAGED SERVICES MGT and CABLE OPERATIONS,BLAIR ROAD,For details
RMINRM-202401-0064,2024-01-15,2024-04-14,LAND TRANSPORT AUTHORITY,BODMIN DRIVE,For details
RMINRM-202401-1686,2024-01-27,2024-03-27,NETLINK TRUST,BOON KENG ROAD,For details
RMINRM-202304-1569,2023-04-28,2024-04-26,SINGTEL-MANAGED SERVICES MGT and CABLE OPERATIONS,BOON KENG ROAD,For details
RMINRM-202402-0103,2024-02-01,2025-01-30,SINGTEL-MANAGED SERVICES MGT and CABLE OPERATIONS,BOON LAY AVENUE,For details
RMINRM-202310-0152,2023-10-02,2024-09-30,SINGTEL-MANAGED SERVICES MGT and CABLE OPERATIONS,BOON LAY AVENUE,For details
RMINRM-202402-0126,2024-02-03,2024-07-23,LAND TRANSPORT AUTHORITY,BOON LAY DRIVE,For details
RMINRM-202402-0104,2024-02-01,2025-01-30,SINGTEL-MANAGED SERVICES MGT and CABLE OPERATIONS,BOON LAY WAY,For details
RMINRM-202402-0091,2024-02-01,2025-01-30,SINGTEL-MANAGED SERVICES MGT and CABLE OPERATIONS,BOON LAY WAY,For details
RMINRM-202402-0086,2024-02-01,2025-01-30,SINGTEL-MANAGED SERVICES MGT and CABLE OPERATIONS,BOON LAY WAY,For details
RMINRM-202401-0198,2024-01-03,2024-03-31,NETLINK TRUST,BOON LAY WAY,For details
RMINRM-202312-1152,2024-01-02,2024-03-31,HOME TEAM SCIENCE AND TECHNOLOGY AGENCY,BOON LAY WAY,For details
RMINRM-202312-1718,2024-01-01,2024-03-31,NETLINK TRUST,BOON LAY WAY,For details
RMINRM-202312-0393,2023-12-12,2024-03-31,LAND TRANSPORT AUTHORITY,BOON LAY WAY,For details
RMINRM-202311-1275,2023-11-30,2024-05-29,LAND TRANSPORT AUTHORITY,BOON LAY WAY,For details
RMINRM-202311-0512,2023-11-13,2024-05-31,LAND TRANSPORT AUTHORITY,BOON LAY WAY,For details
RMINRM-202309-1518,2023-10-02,2024-09-30,SINGTEL-MANAGED SERVICES MGT and CABLE OPERATIONS,BOON LAY WAY,For details
RMINRM-202401-0032,2024-01-02,2024-07-01,LAND TRANSPORT AUTHORITY,BOON LEAT TERRACE,For details
